vendorId,vendorName,modelId,modelName,modelEQ
501,爱科技,1024,K67,"[3.4, 3.1, 1.9, 1.8, 0.5, 0.1, 2.5, 3.9, 2.7, 2.2]"
501,爱科技,1025,K142,"[4.3, 3.8, 1.9, 0.7, -0.4, 0, 1.7, 2.9, 1.4, 2.2]"
501,爱科技,1026,K240,"[6.3, 3.8, 2.1, 0.2, -1, -0.3, 1.8, 2.7, 0.2, 0.2]"
501,爱科技,1027,K240S,"[6.3, 3.8, 2, 0.2, -1.1, -0.3, 1.8, 2.7, 0.4, 0.2]"
501,爱科技,1028,K242,"[6.4, 4.1, 2.1, 0.2, -1.1, -0.1, 2.1, 2.7, 0.4, 1.2]"
501,爱科技,1029,K267,"[4.9, 3.8, 2.1, 0.4, -1.1, -0.3, 1.5, 3.1, 1, 0.4]"
501,爱科技,1030,K271,"[6, 3.8, 2.6, 0.7, -0.8, -0.1, 1.6, 2.9, 0.8, 2.2]"
501,爱科技,1031,K309,"[7.8, 6, 3.8, 1.5, -0.5, -0.1, 1.3, 3.1, 1.1, 3.2]"
501,爱科技,1032,K314,"[9.1, 6.7, 3.6, 1, -0.5, -0.1, 1.2, -0.4, -1.6, 0.2]"
501,爱科技,1033,K315,"[11, 7.6, 4.1, 0.8, -1.1, -0.2, 1.6, 2, 0.4, 0.1]"
501,爱科技,1034,K319,"[9.5, 6.6, 3.8, 1.3, -0.3, -0.1, 0.1, 1.3, -1.4, 1.8]"
501,爱科技,1035,K321,"[2.1, 1.2, -0.1, -1.5, -2, -0.3, 3, 1.6, -1.3, -0.1]"
501,爱科技,1036,K323XS,"[2.7, 1.9, 0.6, -1, -1.7, -0.2, 2.3, 1.9, -1.3, 1.9]"
501,爱科技,1037,K328,"[1.5, 0.8, -0.2, -1.4, -2, -0.3, 2.5, 0.9, -1.1, -0.3]"
501,爱科技,1038,K331,"[2.7, 1.4, 0, -1.4, -2, -0.3, 2.5, 0.7, -2.1, -0.3]"
501,爱科技,1039,K340,"[2.9, 1.6, 0.1, -1.4, -2.1, -0.3, 2.7, 1.3, -1.3, 0.2]"
501,爱科技,1040,K350,"[2.7, 1.4, -0.1, -1.5, -2.1, -0.4, 2.5, 0.8, -1.7, 0.2]"
501,爱科技,1041,K374,"[1.5, 0.9, 0.1, -1, -1.7, -0.3, 1.5, 1.3, -0.1, 1.1]"
501,爱科技,1042,K375,"[0.9, 0.8, 0.3, -0.6, -1, -0.1, 1.3, 0.6, 2.4, 3.2]"
501,爱科技,1043,K376,"[0.6, 0.6, 0.3, -0.3, -0.6, 0, 1.3, 3, 2.4, 3.2]"
501,爱科技,1044,K403,"[6, 4.1, 2.3, 0.7, -0.7, -0.1, 1.7, 2.7, 0.8, -0.6]"
501,爱科技,1045,K404,"[2, 1.5, 0.6, -0.5, -1.7, 0.1, 0.8, 1.6, 0.4, 1.2]"
501,爱科技,1046,K420,"[6, 4.6, 3.1, 1.1, -0.5, -0.1, 0.6, 0.6, -0.2, -1.5]"
501,爱科技,1047,K430,"[5.7, 4.3, 2.9, 1.5, 0, -0.1, 3.5, 0.6, 1.2, 0.7]"
501,爱科技,1048,K450,"[4.3, 3.1, 1.9, 0.5, -0.5, 0.1, 2.8, 2.4, 2.6, 1.3]"
501,爱科技,1049,K501,"[5.3, 3.7, 2.1, 0.6, -0.6, -0.1, 1.3, 1.1, -0.8, 1.7]"
501,爱科技,1050,K514,"[6.7, 5, 3.4, 1.3, -0.5, -0.3, 2.1, 3, 1.9, -0.1]"
501,爱科技,1051,K540,"[3.6, 3.1, 1.6, 0, -1.5, 0.4, 1, 0.6, -0.8, -0.9]"
501,爱科技,1052,K545,"[4, 3, 2.1, 0.7, -0.7, -0.2, 1.9, 3.4, 0.7, -0.3]"
501,爱科技,1053,K550,"[3.4, 3.6, 1.6, 0.9, -0.2, -0.1, 1.5, 2.3, -0.2, -0.3]"
501,爱科技,1054,K551,"[4.4, 3.9, 2.7, 1, -0.5, 0, 1.6, 2.3, -0.4, 0.7]"
501,爱科技,1055,K612PRO,"[3.2, 3.2, 2.8, 1.7, -0.2, -0.1, 1.7, 1.6, 0.8, -0.4]"
501,爱科技,1056,K701,"[5.2, 3.6, 2.1, 0.3, -1, -0.1, 0.3, 1.3, -0.6, 1.2]"
501,爱科技,1057,K702,"[5.5, 3.8, 2.5, 0.7, -0.5, -0.1, 0.1, 1.6, -0.5, -0.6]"
501,爱科技,1058,K712,"[4.9, 3.6, 2.6, 0.7, -0.8, -0.1, 1, 1.9, -0.9, -0.1]"
501,爱科技,1059,K812,"[3.9, 3.1, 1.7, 0.1, -1.2, -0.2, 1.8, 1.5, -0.1, -1.1]"
501,爱科技,1060,K845BT,"[3.6, 3.1, 2, 1, -0.5, -0.1, 2.2, 4.4, -0.3, 1]"
501,爱科技,1061,K1000,"[6.5, 4.1, 2.6, 1.1, -0.4, 0, 0.3, 1.1, -1.1, -1.6]"
501,爱科技,1062,K3003,"[4.4, 3, 1.5, -0.2, -1.4, -0.2, 1.8, 2.8, -0.1, 1.1]"
501,爱科技,1063,Q350,"[3.1, 1.6, 0.1, -1.3, -2, -0.3, 2.6, 0.6, -2.1, -0.1]"
501,爱科技,1064,Q460,"[2.4, 1.6, 0.4, -0.9, -1.7, 0.1, 2.9, 1.6, 2.4, 1.3]"
501,爱科技,1065,Q701,"[4.8, 3.6, 2, 0.4, -0.9, 0, 0.3, 1.5, -0.1, -0.3]"
501,爱科技,1066,Y50,"[4, 3.4, 3.1, 2, 0.4, 0.2, 2.6, 3.6, 0.9, 2.8]"
501,爱科技,1803,K601,"[4, 0.5, -1, -1, -0.4, 0, -0.2, 3.6, 3, 2.8]"
501,爱科技,1807,K141,"[4, 3.4, 0.5, -0.5, 0, 0, 0, 3.6, 2, 3]"
503,Beats,1250,Urbeats,"[1.8, 1.1, -0.1, -1.3, -1.8, -0.3, 1.8, 2.2, 0.5, -0.3]"
503,Beats,1252,Solo HD,"[1.2, 1.5, 0.6, -0.8, -1.7, -0.4, -1.2, 3, -1.1, -0.3]"
503,Beats,1255,Tour,"[2.3, 1.5, 0.4, -0.8, -1.3, -0.1, 0.6, 1.3, 1.6, 0.7]"
503,Beats,1256,Executive,"[2.9, 2.6, 1.3, 0.2, -0.2, 0.1, 1.3, 1.6, -1.1, -0.3]"
503,Beats,1257,Solo2 Wireless,"[5, 3.8, 1.6, 0.1, -0.2, -0.1, 3, 3.9, 5.4, 4.2]"
503,Beats,1258,Tour2,"[1, 1, 0.6, 0, -0.8, -0.1, 0.8, 2.9, 1.7, 2.7]"
503,Beats,1569,EP,"[-0.66, 1.14, 3.04, 2.14, 2.04, -0.96, 2.54, -1.56, -3.36, -3.26]"
503,Beats,1570,Solo3 Wireless,"[3.8, 3.16, 1.76, 0.46, -0.14, -0.54, 3.26, 2.06, 4.12, 3.34]"
503,Beats,1571,Studio3 Wireless,"[-1.49, 2.11, 2.21, 2.81, 1.41, -0.29, 1.31, -1.69, -2.59, -3.19]"
503,Beats,1572,Studio Wireless,"[-1.03, 2.07, 2.57, 2.97, 1.73, 1.77, 3.77, 1.67, -3.73, -2.33]"
503,Beats,1573,Beats X,"[-1.85, 0.95, 3.75, 3.45, -0.15, 0.25, 5.85, -4.75, -7.95, 0.45]"
503,Beats,1627,Powerbeats2 Wireless,"[-1.85, -5.14, -7.41, -8.22, -1.15, 5.25, 1.25, 3.75, -0.95, 0.45]"
503,Beats,1628,Powerbeats3 Wireless,"[-1.85, -3.14, -6.41, -6.22, -1.15, 3.25, 1.25, 2.75, -0.95, 0.45]"
503,Beats,1629,Pro,"[1.3, 2.1, 0.7, -0.2, -0.5, -0.1, 1.1, 1.6, -1.2, 0.4]"
505,BOSE,1094,OE2,"[2, 1.6, 0.7, -0.2, -1, -0.1, 1.9, 2.5, 1.3, 0.3]"
505,BOSE,1095,AE2,"[6.6, 4.8, 3.4, 2, -0.8, -0.2, 2.6, 2.6, 0.4, 2.5]"
505,BOSE,1096,IE2,"[4.9, 3.1, 1.3, -0.3, -1.8, -0.2, 3.1, 3.8, 1.4, 2]"
505,BOSE,1097,QuietComfort 3,"[2.3, 1.9, 1.1, 0, -1.2, 5.6, 5.1, 3.6, 3.2, 0]"
505,BOSE,1098,QuietComfort 25,"[0, 0, -1, -1, 0, 1.2, -3, 1, 0.6, 2.2]"
505,BOSE,1100,Bose 无线耳塞,"[2, 1.6, 0.7, -0.2, -1, -0.1, 1.9, 2.5, 1.3, 0.3]"
505,BOSE,1574,QuietComfort 35,"[-1.9, -1.2, -0.7, -0.5, 0.2, 2.5, -2.7, 0, 1.9, 1.6]"
505,BOSE,1642,QuietComfort 20,"[-3, -3, -3, -3, -0.5, 3, -2.2, -2.2, 0.6, 1.5]"
505,BOSE,1643,QuietControl 30,"[-2.9, -0.3, -1.2, -0.8, -0.1, 1.3, -1.5, 0.3, 1.1, 0.6]"
505,BOSE,1644,SoundLink On-Ear,"[-2.9, -2.3, -2.2, -1.8, 0.3, 2.3, 1.8, 0.3, 1.1, 0.6]"
505,BOSE,1645,SoundLink Around-EarⅡ,"[-2, 0, -0.2, -0.4, -0.3, 1.3, -1.8, -0.3, 2.1, 1.6]"
505,BOSE,1646,SoundSport Free,"[-1, -1, -1, -0.8, 0, 1.8, -2.3, 0, 3, 1.2]"
505,BOSE,1647,SoundSport In-Ear,"[3, 2.5, -2, -3, -3, -1.5, -3, 0, 0, 0]"
505,BOSE,1648,SoundSport Wireless,"[-2, -1.8, -1.8, -1.5, 0.8, 0, -0.5, -0.3, 0.6, 0.8]"
505,BOSE,1649,SoundTrue Ultra,"[-2, -0.4, -0.4, -0.5, 0.3, 2, -1.5, 0, 1.4, 0.8]"
505,BOSE,1651,QuietComfort 35Ⅱ,"[-1.9, -1.3, -0.7, -0.5, -0.1, 1.3, -1.5, 0.6, 1.1, 0.6]"
508,JBL,1594,E1,"[1, 0.6, 0.1, -0.8, -1.3, -0.1, 0.4, -0.2, -1.6, 1.3]"
508,JBL,1595,E10,"[1.8, 0.8, -0.4, -1.5, -2.1, -0.3, 1.7, 1.8, -1.2, 1.7]"
508,JBL,1596,J22,"[1.3, 0.7, -0.2, -1.5, -1.9, -0.3, 1.6, 1.4, -1.5, 0.1]"
508,JBL,1597,J33,"[1.5, 0.8, -0.2, -1.3, -1.7, -0.1, 2.1, 0.8, -1.9, -1]"
508,JBL,1598,J55 I,"[2.5, 2.1, 1.1, -0.5, -1.2, -0.1, 1.5, 5.6, 2.9, 4.2]"
508,JBL,1599,S100,"[1.1, 0.6, -0.3, -1.2, -1.8, -0.2, 1.7, 0.7, 0.3, 0.4]"
508,JBL,1600,S200,"[1.8, 1, -0.1, -1.1, -1.7, -0.1, 1.6, 0.7, -0.1, -0.3]"
508,JBL,1601,J88i,"[4, 3.2, 2.1, 0.4, 1, -0.1, 1.5, 5.1, 4.7, 2.7]"
508,JBL,1602,E50BT,"[-2.46, -1.57, -1.25, 1.3, 3, 0.6, -3, 2.8, -1.2, 1.87]"
508,JBL,1603,E55BT,"[-3, -3, -3, 3, 1.5, -0.7, 0.2, 2.78, -0.5, 3]"
508,JBL,1611,Everest Elite 700,"[-0.94, 0.3, 0.7, -0.5, -0.78, -0.7, -0.2, -0.38, 0.5, 3]"
509,OPPO,1267,PM1,"[5, 4.1, 3, 1.1, -0.4, 0, 2.5, 2.5, 1.4, 1.5]"
509,OPPO,1268,PM2,"[4, 3.4, 2.4, 0.8, -0.5, -0.1, 1.6, 2.4, 1.6, 2.7]"
509,OPPO,1269,PM3,"[3.5, 3.2, 2.6, 1.2, 0, -0.1, 1.3, 3.1, 1.4, 4.7]"
509,OPPO,1738,Enco Q1,"[-1.3, -0.7, -1.4, -2.3, 0.1, 3, 0.9, -0.5, 0.7, 1.4]"
509,OPPO,1838,Enco W51,"[-1.3, -0.7, -1.4, -2.3, 0.1, 3, 0.9, -0.5, 0.7, 1.4]"
509,OPPO,1839,Enco W31,"[0.5, 1, 0.5, 0, 0.5, 0.5, 0, 1, 1, 3]"
509,OPPO,1840,Enco M31,"[3, 1.5, 0, 0, 0.5, 1, 0, 0, 0.5, 2]"
509,OPPO,1841,Enco Free,"[4, 3, 0, 0, 0.5, 1, 0.5, 2, 3, 3]"
509,OPPO,1842,Enco X,"[0.5, 0, 0, 0.5, 2, 1.5, 0.5, 3, 1, 3]"
511,vivo,1099,XE600I,"[2.3, 2.1, 1.5, 0.7, -0.5, -0.1, 0.2, 0.9, -1.1, 2.3]"
513,阿思翠,1015,AM70,"[4.3, 3.8, 2.8, 1.2, -0.3, 0, -0.2, -0.5, 0.4, 5.7]"
513,阿思翠,1016,AX30,"[4.9, 3.6, 2.6, 1, -1, -0.1, 1.6, 2.6, 2.1, 4.7]"
513,阿思翠,1017,AX35,"[4.4, 3.1, 1.7, 1, -1, -0.1, 1.8, 4.1, 1.6, 2.7]"
513,阿思翠,1018,GX50,"[3.2, 3.4, 3.2, 1.6, 0.5, 0.1, -0.6, -0.7, -3, -1.8]"
513,阿思翠,1019,AM700,"[3.5, 2.2, 0.7, -0.6, -1.4, -0.2, 0.9, 1.6, 4.4, 9.7]"
513,阿思翠,1020,AM800,"[2.9, 2.3, 1.1, -0.3, -0.8, -0.1, 0.7, 0.8, 1.4, 3.2]"
513,阿思翠,1021,AM900,"[4.3, 3.9, 2.9, 1.4, 0, 0, 0.5, 2.1, 2.9, 3.3]"
513,阿思翠,1022,AX60,"[0.5, 0.3, -0.4, -1, -1.6, -0.1, 1.5, 2.6, -0.9, 3]"
513,阿思翠,1700,AM800m,"[1, -0.5, -2, -3, -0.5, 2.5, 2.5, 1.5, 2, 0]"
513,阿思翠,1701,AM850,"[-0.5, -3, -4.5, -3, 0, 2, 3.5, 2, 0, 0]"
513,阿思翠,1702,BX70,"[-0.5, -3.5, -6, -4.5, -0.5, -1.5, 3.5, 2.5, 0.5, 0]"
513,阿思翠,1703,Delphinus 5,"[4, 4, 7, 1, -3, -4.5, -5, 0, 2, -2]"
513,阿思翠,1704,Lyra Classic,"[0, 0, 0, -3, -3, -3, 4, 6, 4, 0]"
513,阿思翠,1705,Lyra Collection,"[2, 1, 0, -4, -4, -4, 4, 6, 4, 5]"
513,阿思翠,1706,GX40,"[3, 0, -1, -2, -2, -1, 0, 0, 3, 0]"
515,安桥,1067,ES-FC300,"[2.8, 2.4, 1.7, 0.9, -1, -0.1, 2.4, 4.1, 2.9, 3.2]"
515,安桥,1068,ES-HF300S,"[3, 2.3, 1.3, 0, -1, -0.1, 2.2, 3.8, 2.2, 5]"
517,拜亚动力,1073,DP100,"[8.7, 5.6, 3.8, 1, -0.5, -0.1, 1.8, 1.6, -2.7, -1.3]"
517,拜亚动力,1074,DT235,"[5.4, 3.1, 1.7, 0.7, -0.6, -0.4, 1.6, 1.6, 0.1, 0.2]"
517,拜亚动力,1075,DT860,"[4.5, 3.2, 1.9, 0.3, -0.7, -0.1, 1.6, 2.9, -1.6, 0.1]"
517,拜亚动力,1076,DT1350CC,"[2.9, 2.5, 1.8, 0, -1.5, -0.2, 2.2, 3.3, 1.9, 2.7]"
517,拜亚动力,1077,DTX11IE,"[4, 3.1, 2, 0.4, -0.7, -0.1, 1.3, 2.6, 1.5, 3.1]"
517,拜亚动力,1078,DTX50,"[4.2, 3.6, 2.6, 1.2, -0.2, -0.1, 0.3, -0.2, 3.3, 5.9]"
517,拜亚动力,1079,DTX60,"[4.7, 4.3, 3.3, 1.7, 0, 0.2, 2.3, 2.3, 1.8, 4.7]"
517,拜亚动力,1080,DTX71IE,"[4.5, 3.6, 2.5, 1, -0.1, 0, 0.7, 2.6, 0.4, 3.2]"
517,拜亚动力,1081,DTX101IE,"[5.5, 4.4, 3.1, 1.4, -0.4, -0.1, 1.2, 1.9, 0.1, 3.7]"
517,拜亚动力,1082,DTX300P,"[7.6, 5.3, 3.1, 1.1, -0.5, -0.2, 2, 3.2, 0.4, 2.2]"
517,拜亚动力,1083,DTX710,"[5.4, 3.7, 2.1, 0.5, -0.7, -0.1, 0.3, 1.9, 1.4, 0.6]"
517,拜亚动力,1084,DX160IE,"[5, 3.7, 2.5, 0.7, -1, 0.1, 1.4, 3.3, -1.2, 4.1]"
517,拜亚动力,1085,MMX71IE,"[4.5, 3.6, 2.5, 1, -0.1, 0, 0.7, 2.6, 0.4, 3.3]"
517,拜亚动力,1086,T1,"[4.5, 3.6, 2.1, 0.5, -0.9, -0.3, 1.5, 1.7, 0.4, -0.2]"
517,拜亚动力,1087,T51P,"[4.4, 2.9, 1.1, 0.3, -1.4, -0.4, 2.3, 2.2, 0.9, -0.3]"
517,拜亚动力,1088,T90,"[4, 3.1, 1.6, 0, -1.3, -0.3, 1.1, 1.4, -1.2, -0.3]"
517,拜亚动力,1625,DT990,"[0, 0, 0, 2, 4, 0, 0, 0, 0, 0]"
517,拜亚动力,1804,DT250,"[4, -0.5, -0.5, 0, 0, 0, 0.5, 3, 5, 3]"
517,拜亚动力,1805,DT770PRO,"[2, -0.5, -1, 2, 0, 0, 1.5, 3, 2, 1]"
517,拜亚动力,1806,DT880,"[3.5, 0.5, -0.5, -0.2, -0.2, 0, 1.5, 3, 2, 2]"
519,创新,1104,IE2,"[2.5, 2.1, 1.3, 0, -1, -0.1, 1.9, 2.4, 0.4, 1]"
519,创新,1105,IE3,"[2.9, 1.9, 0.9, -0.5, -1.4, -0.1, 1.5, 1.7, -0.7, 3]"
519,创新,1106,Air,"[7.3, 4.7, 2.6, 1.1, -0.3, 0.1, 1.3, 2.1, 1, 1.7]"
519,创新,1107,LIVE2,"[2.9, 2.5, 1.6, 0.1, -1.4, -0.3, 2.7, 3, 1, 0]"
519,创新,1108,LIVE,"[3.2, 2.5, 1.5, 0.2, -0.5, -0.1, 2, 1.3, 0.4, 0.2]"
519,创新,1109,EP630,"[2.3, 1.8, 0.8, -0.4, -1.3, -0.2, 1.7, 1.2, -1.6, 3.2]"
521,飞利浦,1122,Fidelio L1,"[2.5, 2, 0.8, -0.2, -0.7, -0.2, 0.7, 2.3, 0.4, 0.7]"
521,飞利浦,1123,Fidelio M1,"[3.1, 2.6, 2, 1, -0.4, -0.1, 1.9, 3.1, 1.9, 1.6]"
521,飞利浦,1124,Fidelio S2,"[2.7, 2, 0.8, -0.4, -1.2, -0.2, 1.8, 1.7, -1.4, 0.1]"
521,飞利浦,1125,SHE3580,"[0.1, 0.1, -0.2, -0.8, -1.2, -0.1, 1.1, 1, 0.2, 0.2]"
521,飞利浦,1126,SHE3590,"[2, 1.6, 0.9, 0, -0.9, -0.1, 0.5, 0.5, -0.7, 2.4]"
521,飞利浦,1127,SHE3900,"[2.8, 2, 1.6, 0.8, -0.5, -0.1, -1.5, -1.4, -1.8, -1.3]"
521,飞利浦,1128,SHE6000,"[6.5, 3.91, 2.6, 1.1, -0.6, -0.4, 1.3, 1.3, -0.2, 0.2]"
521,飞利浦,1129,SHE7000,"[1.9, 1.5, 0.9, 0, -0.8, -0.1, 0.7, 0.6, -0.1, 2.1]"
521,飞利浦,1130,SHE8000,"[2.5, 1.6, 0.6, -0.66, -0.6, -0.3, 1.6, 0.5, -0.7, 1.8]"
521,飞利浦,1131,SHE8005,"[2.1, 1.4, 0, -1.1, -1.5, -0.2, 1.3, 0.5, -1.6, -1.1]"
521,飞利浦,1132,SHE8500,"[2.2, 1.6, 0.6, -1, -1.1, -0.4, 2, 1.7, 1.9, 2.2]"
521,飞利浦,1133,SHE9000,"[2.7, 1.5, -0.1, -1.7, -2.3, -0.4, 2.9, 2.2, -0.4, 0.5]"
521,飞利浦,1134,SHE9100,"[3.5, 2.81, 2.1, 1, 0.5, -0.11, 1.3, 1.5, -0.21, -0.21]"
521,飞利浦,1135,SHL5905,"[3, 2.71, 1.41, 0.41, -1.11, -0.41, 2, 2.61, 0.11, 0.81]"
521,飞利浦,1136,SHM6500,"[3.5, 2.31, 2, 0.91, -0.5, -0.11, 1.31, 2.41, -1.81, 1.5]"
521,飞利浦,1137,SHP9500,"[6, 4.1, 2.5, 0.71, -0.71, -0.21, 1.71, 1.61, 1, 2.11]"
523,歌德,1153,GR10,"[2.6, 2.1, 1.2, -0.3, -1.2, -0.2, 1.8, 2.9, -0.2, 2.8]"
523,歌德,1154,PS1000,"[4.8, 3.1, 1.2, 0.2, -0.6, -0.1, 0.9, 0.6, -1.1, -1.3]"
523,歌德,1155,RS1,"[5.5, 3.1, 1.3, 0.2, -0.9, -0.1, 0.3, 1.7, 0.4, 0]"
523,歌德,1156,SR60,"[5.1, 3.2, 1.7, 0.3, -0.8, -0.1, 0.3, 2.3, 0.6, 0]"
523,歌德,1157,SR80,"[4.2, 2.6, 1.3, 0.2, -0.8, -0.1, 0.4, -0.4, 0.7, 0.8]"
523,歌德,1158,SR225,"[6, 3.6, 1.8, 0.5, -0.6, -0.1, 0.8, 0.4, 0.1, 0.2]"
523,歌德,1159,Alessandro M1,"[4.9, 3.3, 1.9, 0.5, -0.9, -0.2, 0.6, 0.8, -0.1, 1.7]"
525,华为,1171,AM116,"[1.6, 1.7, 1.5, 0, -1.4, -0.1, -0.2, -0.7, 4.3, 5.1]"
525,华为,1282,荣耀,"[3.2, 1.9, 0.7, -0.6, -1.5, -0.2, 1.3, 0.8, -0.4, 2.2]"
525,华为,1843,FreeBuds3,"[3, 3.5, 3.5, 2, 0.5, 0, 0.5, 3, 2, 2.5]"
525,华为,1844,FreeBuds Pro,"[3, 3.5, 3.5, 2, 0.5, 0, 0.5, 3.5, 2.5, 3.5]"
525,华为,1859,FreeLace,"[2.5, 1.5, 0.5, 0, 0.5, 1, 0, 0.5, 1.5, 2]"
527,捷波朗,1197,COACH,"[2.1, 1.4, 0.3, -0.8, -1.5, -0.1, 1.7, 2.9, 0.3, 0.2]"
527,捷波朗,1198,PLAY,"[2, 1, -0.3, -1.6, -2.2, -0.4, 1.4, 1.6, -2.4, 0.7]"
527,捷波朗,1199,ROX,"[1.8, 1.5, 0.9, 0, -0.8, 0, 0.3, 1.9, 1.1, 1.8]"
527,捷波朗,1200,REVO,"[3, 2.3, 1.1, 0, -0.2, -0.1, 1.3, 1.1, 0.9, 0.2]"
529,Skullcandy,1208,Mix Master,"[4.1, 3.1, 1.8, 0.3, -0.5, -0.1, 1.3, 2.1, 2.4, 2.5]"
529,Skullcandy,1209,Candy 50-50,"[1.4, 0.6, -0.4, -1.5, -2.1, -0.3, 2.2, 1.5, -0.7, 0.5]"
529,Skullcandy,1210,Crusher2,"[6.7, 5.1, 3.8, 2.5, 0.4, 0.1, 2.8, 3.6, 0.9, 3.2]"
529,Skullcandy,1211,Crusher,"[4, 2.8, 1.1, 2, -0.5, -0.1, 1.2, 2.6, 2.6, 2.3]"
529,Skullcandy,1212,Smokin Buds 2,"[3.7, 2.5, 1.1, -0.3, -1.2, -0.1, 1.3, 3.1, 0.9, 3]"
529,Skullcandy,1213,Strunm,"[4, 2.4, 0.6, -1, -1.7, -0.3, 1.6, 1.6, 0.6, 1]"
531,雷蛇,1219,Kraken7,"[3.2, 2.4, 1.4, 0, -1.5, -0.3, 2.7, 3.1, 0.9, 1.8]"
533,罗技(UE),1224,UE11PRO,"[2, 1.5, 0.6, -0.6, -1.3, 0, 1.6, 2.9, 1.5, 0.5]"
533,罗技(UE),1225,UE18PRO,"[4, 3.1, 1.6, -0.1, -1.4, 0, 1.8, 2.9, 0.5, 1.9]"
533,罗技(UE),1226,UE200,"[3.8, 2.8, 1.3, -0.5, -1.5, -0.2, 2.2, 2.1, -0.4, 0.9]"
533,罗技(UE),1227,UE220,"[1.2, 0.6, 0, -0.9, -1.6, -0.1, 1.5, 0.9, 0.8, 2.7]"
533,罗技(UE),1228,UE350,"[1.4, 1.1, 0.5, -0.5, -1, -0.1, 1.6, 3.7, 1.8, 2.2]"
533,罗技(UE),1229,UE600,"[3.7, 3.3, 2.3, 0.7, -0.7, -0.1, 2.3, 3.8, 2.4, 5.7]"
533,罗技(UE),1230,UE700,"[3.4, 2.8, 1.8, 0.5, -0.7, -0.1, 1.9, 3.3, -0.6, 1.2]"
533,罗技(UE),1231,UE900,"[3.2, 2.7, 1.7, 0, -1.6, -0.2, 1.5, 4.2, 1.9, 1.9]"
533,罗技(UE),1232,UE9000,"[3.4, 2.4, 2.2, 1.7, 0.3, -0.3, 2, 3.6, 3.4, 3.7]"
533,罗技(UE),1233,TF10PRO,"[2.7, 2.3, 1.4, 0, -0.8, -0.1, 2.3, 3.7, 1.3, 1.4]"
533,罗技(UE),1566,UE900s,"[3.2, 2.7, 1.7, 0, -1.6, -0.2, 1.5, 4.2, 1.9, 1.9]"
533,罗技(UE),1567,UE4000,"[3.4, 3, 2, 0.6, 0.2, -0.1, 1.5, 5.1, 5.4, 3.7]"
533,罗技(UE),1568,UE6000,"[3, 2.6, 2.6, 1, -0.1, -0.1, 3, 3.6, 3.2, 2.7]"
536,漫步者,1239,H210p,"[4.5, 3.1, 1.9, 0, -0.8, -0.2, 1.6, 2.3, 1.5, -0.3]"
536,漫步者,1240,H850,"[3.5, 2.8, 1.2, -0.4, -0.7, 0, 1.5, 1.9, 0.7, 0.8]"
536,漫步者,1626,H230p,"[-3, -5, -3, -3, -2, -2, 0, 3, 2, 1]"
536,漫步者,1727,W280X,"[-0.5, -0.5, -0.5, -1, 0, 0, 1, 1.5, 1, 1]"
536,漫步者,1845,MiniBuds,"[3, 3.5, 2, 0, 0, 0, 0.5, 1.5, 2, 2.5]"
536,漫步者,1846,TWS1,"[3, 2, 2, 0, 0, 0, 0.5, 1.5, 0.5, 1]"
536,漫步者,1847,LolliPods,"[4.5, 3.5, 3.5, 3, 0.5, 0, 0.5, 3, 3.5, 3.5]"
536,漫步者,1848,W800BT,"[3.5, 4, 2.5, 0.5, 0, 0, 1.5, 0.5, 1, 2.5]"
536,漫步者,1861,FunBuds,"[3.5, 2.5, 2.5, 3, 0.5, 0, 1.5, 2, 2.5, 0.5]"
537,魅族,1241,EP20,"[8, 5.6, 3.7, 1.8, 0, 0, 0.7, 0.4, 0.2, 0.7]"
537,魅族,1242,EP21HD,"[2, 1.6, 0.4, -1.2, -2.6, -0.5, 2.6, 3.6, 4.6, 4.2]"
537,魅族,1243,EP30,"[3, 2.6, 1.6, 0, -1.5, -0.2, 2.1, 1.1, 0.2, 2.7]"
537,魅族,1244,EP51,"[2.4, 1.8, 1.1, -0.4, -1.3, 0.1, 0.8, 1.6, -1.2, 0]"
537,魅族,1245,HD50,"[3, 2.1, 1.4, 1.5, 0.2, 0, 0.8, 2.2, 0.8, -0.3]"
537,魅族,1246,EP21,"[6.8, 4.4, 2.7, 1, -0.5, -0.1, 0.9, 1.6, 0.4, 1.2]"
539,魔声,1248,钻石之泪,"[3, 2.4, 1.6, 0.4, -0.6, -0.1, 1.3, 2.5, 2.5, 0.8]"
539,魔声,1249,Turbine Pro,"[0.8, 0.5, -0.2, -1.1, -1.5, -0.1, 1.1, 2.3, 2.4, 3.2]"
539,魔声,1259,DNA In Ear,"[3.3, 2.6, 1.2, 0.2, 0.3, -0.1, 2, 1.6, 0.9, 1]"
539,魔声,1260,DNA,"[1.6, 0.8, -0.4, -1.5, -2, -0.2, 1.8, 1.3, 1.1, -1.1]"
539,魔声,1261,Inspiration,"[3.3, 2.4, 1, -0.5, -0.5, -0.1, 1, 0.3, -0.1, -0.4]"
539,魔声,1262,Diesel Vektr,"[3, 2.2, 0.8, -0.1, -0.9, -0.3, 2, 2.6, 1.4, 1.8]"
539,魔声,1263,Solo HD,"[2.5, 3.1, 1.6, 0.9, -0.1, -0.1, 2.7, 3.6, 5.4, 4.2]"
539,魔声,1264,Turbine Pro GLD,"[1.1, 0.9, 0.5, -0.4, -1, -0.1, 1.1, 2.9, 2.5, 1.6]"
539,魔声,1265,Harajuku Lovers Super Kawaii,"[0.8, 0.6, 0.1, -0.5, -1, 0.1, 1.3, 1.7, 0.6, 1.3]"
541,苹果,1273,EarPods,"[6.7, 4.5, 2.4, 1, -0.4, 0.1, -0.6, 2.1, 0.9, 5.7]"
541,苹果,1274,AirPods,"[6, 4, 0.4, 0, 0, 0.3, -1.2, -0.5, 2.9, 6.5]"
541,苹果,1276,In-Ear,"[3.4, 3, 2.1, 0.5, -0.7, -0.1, 2.1, 3.9, 2.6, 2.7]"
541,苹果,1722,AirPods 2,"[1, 1, 1, 1.5, 1.5, 2, 1, 0, 0.5, 1]"
541,苹果,1750,AirPods Pro,"[2, 2, 2, 0, -2.5, 0, -1, 0, 1, 0]"
543,三星,1283,bundle,"[2.3, 1.6, 0.6, -0.5, -1.2, -0.1, 1.2, 2.1, 0.1, 1]"
543,三星,1284,HS330,"[2.1, 1.6, 0.6, -0.5, -1.2, 0, 0.8, -0.1, -0.6, 1.5]"
543,三星,1285,HS1303,"[3.1, 2.2, 0.6, -1.4, -2.5, -0.6, 1.8, 3.1, -0.8, 2.2]"
543,三星,1610,S8 Akg定制版,"[-1.3, 1.2, 2.1, 2, 0, -1, -1, 0, 2.8, 2]"
543,三星,1858,Galaxy Buds+,"[1.3, 1.5, 0, -0.5, 1.5, 0, 1.8, 3.3, 2.3, -0.5]"
544,小米,1450,活塞耳机 青春版,"[7.5, 4.21, 2.61, 1, -0.5, -0.11, 0.9, 0.61, -0.61, -1.41]"
544,小米,1453,圈铁耳机,"[1.5, 1.3, 0.89, -0.11, -0.61, 0.11, -0.61, -0.41, 0.2, -0.2]"
544,小米,1604,活塞耳机,"[5, 4.1, 2.9, 1, -0.9, -0.2, 1.4, 2, 2.4, 3.7]"
544,小米,1605,活塞耳机 水晶版,"[1.3, 0.9, 0.3, -0.5, -1.1, -0.1, 1.5, 2.5, 0.7, 0.9]"
544,小米,1606,活塞耳机 清新版,"[3.3, 2.1, 0.7, -0.9, -1.7, -0.1, 1.3, 0.9, -0.3, 0.3]"
544,小米,1607,头戴式,"[0.5, 0.3, 0.89, -0.11, -0.61, 1.11, -1.61, -0.41, 0.2, -0.2]"
544,小米,1608,头戴式 轻松版,"[0.7, 0.381, 0.891, -0.31, -0.51, 0.71, -1.31, -0.21, 0.1, -0.1]"
544,小米,1609,圈铁耳机 Pro,"[1.7, 1.5, 1.09, -0.31, -0.71, 0.21, -0.71, -0.31, 0.41, -0.51]"
544,小米,1851,Air2 Pro,"[2.5, 2.5, 2, 0, 0, 0, 0.5, 1, 1.5, 3.5]"
547,舒尔,1553,E2C,"[4.2, 3.8, 2.8, 1.2, -0.3, -0.1, 1.3, 0, 3.2, 6.7]"
547,舒尔,1554,E3C,"[4, 3.9, 3, 0.6, -0.6, -0.1, 0.5, 2.6, 3.2, 5.7]"
547,舒尔,1555,E4C,"[3.9, 3.4, 2.4, 0.8, -0.5, 0, 1.1, 3.4, 1.4, 4.2]"
547,舒尔,1556,E5C,"[2.9, 2.2, 1.2, -0.1, -1.2, -0.1, 2, 3.5, 1.9, 5.1]"
547,舒尔,1557,SE115,"[3.1, 2.3, 0.9, -0.6, -1.4, -0.2, 1.3, 1.6, 0.5, 1.7]"
547,舒尔,1558,SE215,"[1.6, 1.2, 0.4, -0.7, -1.3, -0.1, 0.8, 2.4, 2.1, 2]"
547,舒尔,1559,SE310,"[3.7, 3.2, 2.1, 0.5, -0.6, 0, 1.1, 3.7, 2.2, 3.4]"
547,舒尔,1560,SE315,"[4.3, 3.4, 2.2, 0.7, -0.4, 0, 1.9, 2.7, 0.4, 2]"
547,舒尔,1561,SE420,"[3.4, 2.7, 1.7, 0.2, -0.9, -0.1, 1.6, 2.3, 1.4, 4]"
547,舒尔,1562,SE425,"[4, 2.8, 1.6, 0.2, -1, -0.1, 1.6, 2.3, 1.1, 3.4]"
547,舒尔,1563,SE530,"[4.1, 2.9, 1.7, 0.2, -1, -0.2, 2.1, 2.7, 1.5, 2.2]"
547,舒尔,1564,SE535,"[2, 2, 1.5, 1, 0.5, 0, 1, 3, 6, 3]"
547,舒尔,1565,SE846,"[3.2, 2.6, 1.6, 0.2, -1, -0.1, 1.5, 2, 1.2, 2.7]"
547,舒尔,1812,SRH940,"[3.2, -0.5, -0.5, 0, 0, 0, 0, 3.5, 2.5, 2.7]"
549,索尼,1383,MDR-1A,"[4, 3.1, 2.2, 1.5, -0.1, -0.3, 2.4, 3.6, 1, 1.7]"
549,索尼,1384,MDR-1ABT,"[2.9, 2.8, 1.3, 1.4, 0.3, -0.1, 1.8, 3.2, 0.4, 3]"
549,索尼,1385,MDR-1ADAC,"[3.5, 2.7, 1.7, 2, -0.5, -0.1, 1.3, 1.2, 1, 2.7]"
549,索尼,1386,MDR-1R,"[4.4, 3.4, 1.7, 0.6, -0.2, 0, 1, 1.9, 0.4, 0.3]"
549,索尼,1387,MDR-10R,"[5, 3.1, 1.2, -0.5, -1.1, -0.5, 0.7, 2.1, -0.1, -0.8]"
549,索尼,1388,MDR-7506,"[5.4, 4.1, 2.9, 1.8, -0.4, -0.1, 1.1, 0.7, -0.8, 0.6]"
549,索尼,1389,MDR-7550,"[3.3, 2.7, 1.7, 0.2, -1, -0.1, 1.3, 3.3, 2.2, 4.7]"
549,索尼,1390,MDR-E888,"[6.1, 4.7, 3, 1, -0.5, -0.1, 1.4, 2.6, 0.4, 2.5]"
549,索尼,1391,MDR-EX10,"[4.3, 3.9, 1.8, 0.2, -1, -0.1, 1.5, 2.6, -0.8, -1.3]"
549,索尼,1392,MDR-EX15AP,"[3.5, 2.7, 1.5, 0, -1, -0.1, 1.7, 1.6, 0.4, 0.2]"
549,索尼,1393,MDR-EX220,"[3.3, 2.1, 0.8, -0.6, -1.5, -0.1, 1.3, 2.1, 0.8, 1.3]"
549,索尼,1394,MDR-EX300,"[3.2, 2.2, 0.8, -0.7, -1.4, -0.1, 1.5, 2.2, -0.5, 2.3]"
549,索尼,1395,MDR-EX500,"[3.3, 2.6, 1.4, 0, -1.2, -0.1, 1.3, 1.9, 0.4, 2.2]"
549,索尼,1396,MDR-EX600,"[5.3, 4.2, 2.6, 0.6, -1, -0.1, 1.7, 4, 0.4, 2.4]"
549,索尼,1397,MDR-EX650AP,"[2.1, 1.4, 0.3, -2.8, -1.4, -0.1, 1.4, 1.1, -0.1, 1.7]"
549,索尼,1398,MDR-EX750AP,"[3.3, 1.9, 0.6, -0.8, -1.5, -0.1, 1.3, 2.1, 0, 0.8]"
549,索尼,1399,MDR-EX800,"[5.2, 4.6, 3.4, 1.8, 0, 0, 0.3, 2.4, 2.2, 5.2]"
549,索尼,1400,MDR-EX1000,"[4.8, 4.3, 3.2, 1.5, -0.2, -0.1, 0.3, 1.4, 1.4, 4.7]"
549,索尼,1401,MDR-NC31E,"[0.7, 0.4, -0.2, -0.9, -1.3, 0, 1, 2.3, 0.6, 1.5]"
549,索尼,1402,MDR-S40,"[6, 4, 1.6, 0.5, 0, -0.2, 2.3, 3.6, 2.3, 2.5]"
549,索尼,1403,MDR-XB30EX,"[2.3, 1.8, 1, -0.3, -1, -0.1, 0.8, 2.1, 0, 3]"
549,索尼,1404,MDR-XB50,"[3.1, 2.1, 0.7, -0.5, -0.8, -0.1, 2.3, 3.1, 1.2, 1.7]"
549,索尼,1405,MDR-XB60EX,"[2.8, 1.9, 0.7, -0.5, -1.3, -0.1, 1, 1.9, 1.9, 2]"
549,索尼,1406,MDR-XB90EX,"[2.1, 1.6, 0.6, -0.5, -1.1, -0.1, 0.7, 2.1, 0.4, 1]"
549,索尼,1407,MDR-XB400,"[3, 1.8, 0.6, 0, -1.6, -0.3, 1.8, 2.8, 0.4, 0.6]"
549,索尼,1408,MDR-XB450AP,"[1.8, 1.1, 0.3, 0.5, -1.4, -0.3, 1.8, 3.7, -0.1, 2.4]"
549,索尼,1409,MDR-XB600,"[2.1, 1.6, 0.6, -0.4, -0.5, -0.1, 1.3, 1.6, -0.6, -1]"
549,索尼,1410,MDR-XB950,"[8, 4.5, 2.8, 1.5, -0.6, -0.3, 2.2, 4.3, 3.4, 2.7]"
549,索尼,1411,MDR-XB1000,"[3, 1.6, 0.4, -1.2, -1.6, 0.7, 4.3, 2.6, 1.8, 2.2]"
549,索尼,1412,MDR-Z1000,"[6.3, 4.1, 2.4, 0.9, -0.8, -0.1, 1.2, 4.3, 2, 4.5]"
549,索尼,1413,MDR-ZX750,"[3.1, 2.6, 1.6, 0.3, -0.5, 0.4, 1.9, 4.1, 1, 3.2]"
549,索尼,1414,MH1C,"[1, 1.1, 0.9, 0.1, -0.5, -0.1, 1.6, 3.3, 2.8, 0]"
549,索尼,1415,MH750,"[2.2, 2, 1.7, 0.6, -1.1, -0.1, 0.4, -0.3, 1.7, -0.4]"
549,索尼,1416,Q010-MDR1,"[7.9, 5.1, 3.1, 1.6, -0.5, -0.8, 0.8, 1.1, -0.1, 0.7]"
549,索尼,1417,SBH20,"[6, 4.1, 2.7, 1, -0.5, -0.1, 1.3, 1.6, 0.2, 0]"
549,索尼,1418,SBH80,"[2.2, 1.8, 1.3, 0.7, -0.3, 0.1, 0.2, 0.2, 0.7, -0.3]"
549,索尼,1419,XBA-4,"[2.4, 2.1, 1.6, 0.3, -0.5, -0.1, 1.3, 1, -0.9, -0.3]"
549,索尼,1420,XBA-20,"[2.5, 1.9, 1.1, 0, -1.2, -0.2, 1.4, 1.1, 2.2, 3.7]"
549,索尼,1421,XBA-30,"[3, 2.5, 1.6, 0.3, -0.8, -0.1, 1.2, 0.2, 1.4, 0.3]"
549,索尼,1422,XBA-A1,"[3.8, 2.6, 1.4, -0.1, -1.1, -0.1, 1.7, 2.4, 0.7, 1.7]"
549,索尼,1423,XBA-A2,"[4, 3.9, 3.5, 2, 0, 0, 0.9, 2.3, 0.7, 0.3]"
549,索尼,1424,XBA-A3,"[3, 2, 0.6, -0.7, -1.3, -0.1, 1.5, 1.6, 1.2, -0.8]"
549,索尼,1425,XBA-C10,"[4.4, 3.4, 1.8, 0, -1.4, -0.1, 1.9, 1.8, 1, 2.7]"
549,索尼,1426,XBA-Z5,"[2.1, 1.7, 0.9, -0.2, -1.1, -0.1, 2.3, 3.3, 2.9, 1.7]"
549,索尼,1427,XBA-H3,"[3.5, 2.4, 0.9, -0.5, -1.4, -0.2, 2, 1.7, 0.4, 0.7]"
549,索尼,1578,MDR-1000X,"[-0.52, 0.58, 2.38, 1.88, 0.08, -0.72, 2.88, 1.48, -2.02, -3.52]"
549,索尼,1612,MDR-100APP,"[-2.91, -3, -3, -2.6, 0.25, 0.87, 0.75, 2.2, 2.74, 3]"
549,索尼,1613,WH-1000XM2,"[-2.59, 1.38, -2.38, -1.88, 0.08, 0.72, 3, -3, -1.02, 3]"
549,索尼,1614,MDR-NC8,"[4.5, 0.82, -3, 2.5, -0.5, -3, -0.75, 1.74, -3, -1.25]"
549,索尼,1615,MDR-XB50AP,"[-1.12, -2.32, -3, -3, 1.78, -1.5, -0.28, 2.52, 0.83, 3]"
549,索尼,1616,MDR-XB950B1,"[-3, -3, -3, -2.26, 0.78, -0.8, 2.23, 2.52, 2.83, 3]"
549,索尼,1617,MDR-XB650BT,"[0.1, 0, -0.6, -0.2, -0.5, -0.1, 2.4, 3.1, 0.4, 1.7]"
549,索尼,1618,MDR-XB55AP,"[-1.12, -1.32, -2.12, -2.13, 1.38, -1.25, -0.28, 2.32, 0.83, 3]"
549,索尼,1624,MDR-100ABN,"[-3, -5, -3, -3, -2, -2, 0, 3, 2, 1]"
549,索尼,1639,WH-CH700N,"[-1, -0.5, 0.5, 1.5, 2, 1.5, 0.5, 0.5, 0.5, -0.5]"
549,索尼,1640,WH-H800,"[0, -1, -1.5, -2, -1, 0, -1, -2, -1.5, -0.5]"
549,索尼,1641,WH-H900N,"[-1.5, -0.5, 0.5, 1.5, 1.5, 1.5, 1, 0, -0.5, 0.5]"
549,索尼,1724,WH-1000XM3,"[-1, -1.5, -1.5, -0.5, 0.5, 0.5, 1, 2, 1.5, 0]"
549,索尼,1725,WI-1000X,"[1, 2, 1, -2, -1, 0, 2, 0, 0, -3]"
549,索尼,1779,WF-1000XM3,"[-1, -1.5, -1.5, -0.5, 0.5, 0.5, 1, 2, 1.5, 0]"
549,索尼,1850,WH-1000XM4,"[1.5, 0.5, 0.5, 0, 0.5, 0, 1, 2, 1.5, 1]"
551,铁三角,1440,A700,"[5.61, 3.61, 2.41, 0.691, -0.601, 0, 2, 3.591, 1, 2]"
551,铁三角,1441,A700X,"[4.111, 2.811, 1.291, 0.611, -0.691, -0.101, 1.101, 2.599, 0.699, 0.301]"
551,铁三角,1442,C505,"[10, 7.3, 4, 0.7, -1, -0.1, 3.1, 3.2, 1.7, 3.4]"
551,铁三角,1443,CK9,"[3.5, 3, 2, 0.4, -0.8, -0.1, 1.8, 2.2, -0.6, 0.4]"
551,铁三角,1444,CK100PRO,"[4, 3.3, 1.8, -0.1, -1.4, -0.1, 1.2, 1.7, -1.6, 1]"
551,铁三角,1445,CK313M,"[5, 3.3, 1.6, -0.5, -1.6, -0.2, 1.3, 1.1, 0.9, 0.2]"
551,铁三角,1446,CKB50,"[3.1, 2.2, 1.1, -0.5, -1.6, -0.2, 2.3, 2.1, 0.3, 2.7]"
551,铁三角,1447,CKB70,"[4.3, 3.8, 3, 0.9, -0.6, -0.1, 1.2, 2.2, 1.2, 3.2]"
551,铁三角,1448,CKL202,"[0, 0, 0, -0.5, -1, -0.2, 0.8, -0.7, -1.5, -0.3]"
551,铁三角,1449,CKM33,"[4.3, 2.8, 1, -0.8, -1.8, -0.1, 1.4, 0.7, -2, -1.3]"
551,铁三角,1452,CKM500,"[2.4, 1.3, 0.2, -1.1, -1.7, -0.1, 1.1, 2, 0.8, 1.4]"
551,铁三角,1507,CKM77,"[1.9, 1.3, 0.6, -0.3, -0.9, -0.1, 0.5, -0.3, -1.8, 0]"
551,铁三角,1508,CKM99,"[1.8, 1.4, 0.6, -0.6, -1.3, -0.1, 0.5, 0.1, -0.1, 2.7]"
551,铁三角,1509,CKM1000,"[2.9, 1.8, 0.3, -1.3, -1.9, -0.1, 1.1, 0.5, -3.4, -0.3]"
551,铁三角,1510,CKN50,"[3.2, 1.8, 0.4, -0.9, -1.5, -0.1, 1.8, 0.3, -1.6, -0.1]"
551,铁三角,1511,CKN70,"[2.4, 1.4, 0.2, -1, -1.7, -0.1, 1.7, 0.5, -2.2, -0.3]"
551,铁三角,1512,CKR7,"[2, 1.3, 0.3, -0.8, -1.4, -0.1, 0.9, 1.1, -1.1, 0.4]"
551,铁三角,1513,CKR9,"[3.5, 2.8, 1.7, 0.3, -0.9, -0.1, 0.3, 1.1, 0.9, 0.2]"
551,铁三角,1514,CKR10,"[3.5, 2.7, 1.6, 0, -1, -0.1, 0.5, 1.1, 0.4, 1]"
551,铁三角,1515,CKS55XBT,"[2, 0.9, -0.4, -1.7, -1.9, -0.2, 0.8, 0.7, -0.1, 0]"
551,铁三角,1516,CKS77X,"[2, 1.1, -0.1, -1.3, -2, -0.3, 1.3, 0.9, -1.9, -1.1]"
551,铁三角,1517,CKS90,"[1.8, 1.4, 0.4, -0.6, -1.5, -0.1, -0.3, -0.4, -0.2, 0.4]"
551,铁三角,1518,CKS550IS,"[3, 2.1, 0.7, -0.7, -1.3, -0.1, 1.3, 0.5, -1.1, -1.3]"
551,铁三角,1519,CKS1000,"[2.3, 1.3, -0.2, -1.3, -2, -0.3, 1.3, 0.8, -2.3, -1]"
551,铁三角,1520,CKW1000ANV,"[1.6, 1.7, 1.5, 0.6, -1.2, -0.1, 0.1, -0.3, 0.6, 2.8]"
551,铁三角,1521,CKX5IS,"[2.2, 1.5, 0.5, -0.6, -1.3, -0.1, 1.3, 0.3, -1.6, -2.2]"
551,铁三角,1522,CKX7IS,"[2.9, 2.2, 1.1, -0.1, -1.1, -0.1, 2.3, 3.6, 0.6, -0.3]"
551,铁三角,1523,CKX9IS,"[4.6, 2.9, 1.3, -0.8, -1.7, -0.2, 1.3, 2.6, -2.4, -1.8]"
551,铁三角,1524,CKX35,"[9.5, 7.5, 5.3, 2.3, -1, -0.3, 1.3, 2.6, -0.6, 1.7]"
551,铁三角,1525,CLR100,"[4.3, 3.3, 1.8, -0.1, -1.3, -0.1, 1.5, 0.3, -1.4, -1.8]"
551,铁三角,1526,CM7,"[9.5, 6.7, 4, 1.5, 0.2, -0.1, 1.8, 3.4, 2.4, 3.3]"
551,铁三角,1527,CM700,"[9.5, 6.9, 4.4, 1.8, -0.2, -0.1, 0.5, 1.1, -0.6, 2.7]"
551,铁三角,1528,COR150,"[3.2, 2.3, 1.1, -0.2, -1.1, -0.1, 1.3, 0.9, -0.8, -1.8]"
551,铁三角,1529,EC707,"[4.5, 2.7, 0.6, -1.5, -2.5, -0.4, 1.6, 3.1, 0.7, 2.2]"
551,铁三角,1530,ES7,"[3.7, 2.6, 1.2, 0, 0.1, 0.1, 0.6, 1.6, 2, -1.9]"
551,铁三角,1531,ES55,"[5.6, 3.6, 2.2, 1, -0.7, 0, 1.1, 2.1, 0.4, -0.3]"
551,铁三角,1532,ES700,"[6, 3.8, 2.4, 0.8, -0.6, -0.1, 1.5, 3.3, 1.2, 0.1]"
551,铁三角,1533,EW9,"[6.3, 3.9, 1.8, 0.2, -0.8, -0.1, 1, -0.4, -0.9, 2.7]"
551,铁三角,1534,FC707,"[4, 2.7, 1.2, 0, 0.2, -0.1, 1.7, 4, -0.6, 1.4]"
551,铁三角,1535,IM01,"[3, 2.3, 1, -0.7, -1.7, -0.2, 2.2, 2.1, -0.6, 1.7]"
551,铁三角,1536,IM02,"[4, 3.1, 1.5, -0.3, -1.5, -0.1, 1.5, 2.9, 0.5, -0.3]"
551,铁三角,1537,IM03,"[2.6, 2, 1.1, -0.3, -1, -0.1, 1.8, 3.6, 1.6, 0.3]"
551,铁三角,1538,IM04,"[3.8, 2.6, 1.1, -0.5, -1.6, -0.1, 1.3, 2.1, -0.6, 0.7]"
551,铁三角,1539,IM50,"[5, 4.6, 3.6, 2, 0.2, 0, 0.9, 1.2, 0.2, -0.4]"
551,铁三角,1540,IM70,"[3.4, 2.2, 0.8, -0.5, -1.3, -0.1, 1.1, 1.9, 0.4, 2]"
551,铁三角,1541,M50,"[3.2, 2.4, 1.4, 0.5, -0.4, -0.1, 1.2, 2.3, 1.6, 2.5]"
551,铁三角,1542,MSR7,"[3.3, 2.5, 1.6, 0.5, -0.5, -0.4, 1.6, 3.3, 0.1, 1]"
551,铁三角,1543,PRO5,"[6.1, 4.5, 3.4, 2.2, -0.2, -0.1, 0.9, 2.6, 1.9, 0.2]"
551,铁三角,1544,PRO500,"[6.5, 4.1, 2.1, 0.9, -0.2, -0.1, 1.8, 4.6, 2.9, 2.7]"
551,铁三角,1545,S100,"[2.9, 2.2, 1.1, 0.2, -1.7, -0.5, 1.8, 2.3, -0.9, 1]"
551,铁三角,1546,SJ11,"[2.7, 2.8, 2.6, 0.3, -0.7, -0.1, 1.8, 2.8, -0.1, 0.9]"
551,铁三角,1547,SQ505,"[6.8, 4.4, 2.7, 1.3, 0.3, -0.2, 1.9, 4.9, 2.4, 1]"
551,铁三角,1548,TAD500,"[6, 4.1, 2.6, 1, -0.5, -0.1, 1, 2.1, 1.4, 0.7]"
551,铁三角,1549,W1000X,"[4.9, 3.5, 1.8, 0.5, 0.4, -0.1, 1.3, 2.1, 1.4, 0.8]"
551,铁三角,1550,W3000ANV,"[4.4, 2.8, 1.6, 1, -0.3, -0.1, 1.3, 2.4, -0.1, 0.5]"
551,铁三角,1551,W5000,"[6.1, 4.4, 2.8, 1.5, 0.3, 0, 0.7, 1.7, 0.9, -0.3]"
551,铁三角,1552,WS55X,"[4, 2.9, 1.6, 0, -0.8, -0.1, 1.1, 2.1, 2.2, 1.6]"
551,铁三角,1584,AD700X,"[3, 3, -1, -2, -2, -2, -1, 1.6, 1.5, 1.1]"
551,铁三角,1585,ANC7b,"[-0.19, -2, -3, -3, -2, -1.5, 3, 3, 3, 2.5]"
551,铁三角,1586,ANC7B SVIS,"[-0.08, -2.4, -3, -3, -3, -1.5, 3, 3, 0, -2.5]"
551,铁三角,1587,ANC9,"[-2.5, -0.5, -2.4, 0.4, 1.5, 3, -0.5, -1.7, 0.5, 0.83]"
551,铁三角,1588,M20x,"[1.61, -1.8, -2.3, 2.5, -2.2, -1, -3, 3, 3.11, 2.27]"
551,铁三角,1589,M30x,"[-0.94, -1.86, -1.84, 3, -0.97, 0.5, -2, 2, 1, -1.01]"
551,铁三角,1590,M40x,"[0.13, -1.16, -2.37, 0.98, 0.78, 1.48, -0.72, 0.98, 0.42, -1.94]"
551,铁三角,1591,M50x,"[-0.82, -0.3, -1.52, 1.27, 0.1, -0.3, -3, 0.5, 1.3, -1.3]"
551,铁三角,1592,M70x,"[2.59, 2.1, 0.23, -0.72, 1.14, 1.45, -2.74, -2.57, -2.72, 0.78]"
551,铁三角,1593,MSR7NC,"[2.1, 1.7, -1.2, -1.45, 1.24, -0.3, -3, 0.4, -2.3, 2.93]"
551,铁三角,1726,LS50iS,"[-3, -3, -2, -1, 0, 0, 1, 1, 0, 0]"
551,铁三角,1849,ATH-SR30BT,"[3, 3.5, 2, 0, 0, 0, 1.5, 0, 0, 2.5]"
553,万魔,1500,三单元圈铁耳机,"[-6.3, -3.2, 0.8, 3.4, 4.4, 5.6, 1.8, -3.9, 0.8, -3.3]"
553,万魔,1501,三单元圈铁耳机(lighting),"[-8.8, -4, 1.5, 4.8, 5.6, 5.9, 0.7, -5.5, -1.3, 0.9]"
553,万魔,1502,三单元头戴式耳机,"[-11, 5.5, 7.1, 11, 9, 6.6, 3.5, 0, 0.4, 4.7]"
553,万魔,1503,好声音入耳式耳机,"[-7.5, -4.6, -0.5, 1.9, 3.5, 4.9, 3.8, -4.8, -1.7, 5]"
553,万魔,1504,好声音头戴式耳机,"[-2.7, -0.7, 1.5, 3.8, 5.6, 1.8, -1.6, -2.7, -6.7, 1.8]"
553,万魔,1505,高清降噪圈铁耳机(lighting),"[-11, -6.4, -4.1, -3.9, -4.1, -1.5, 3.6, 2.6, 9.1, 11]"
553,万魔,1506,iBFree蓝牙耳机,"[-5.7, -2.4, 2.1, 4.7, 6.1, 8.1, 5.3, -5.2, -7.4, -5.4]"
553,万魔,1682,Stylish双动圈入耳式耳机,"[-4, -4, -5, -2, 3, 4, 3.5, 0, 2, -2]"
553,万魔,1683,四单元圈铁耳机,"[0, -1, -3, -2, 0, 3, 2.5, 1.5, 1, -3]"
553,万魔,1684,Spearhead VR电竞头戴式耳机,"[8, 6, 0.5, -2.5, -1.5, 0, 0, 7.5, 3, 0]"
553,万魔,1685,Spearhead VRX电竞头戴式耳机Pro版,"[5, 4.5, 4.5, -4, -1, -6, -3.5, 5, 3, -2]"
553,万魔,1686,iBFree智能蓝牙耳机,"[-1.5, -2.5, -4.5, -3, 2.5, 5.5, 5, -1.5, 2.5, -0.5]"
553,万魔,1687,Spearhead VR电竞蓝牙耳机,"[1, -1.5, -4, -3.5, 1.5, 4, 4, -2.5, 0.5, 1]"
553,万魔,1688,Stylish双动圈颈挂式蓝牙耳机,"[-4, -4, -5, -2.5, 2.5, 4, 4.5, -0.5, 3.5, 2]"
553,万魔,1689,三单元圈铁蓝牙耳机,"[-2.5, -3, -4, -3, 2, 4, 2, 2, 3, 1]"
553,万魔,1720,Stylish时尚真无线耳机,"[-1, -1, -1.5, -3, -2.5, -0.5, 1, 0.5, -1.5, 0]"
553,万魔,1721,高清降噪圈铁蓝牙耳机,"[-1, -2, -1, 0, 0, 0, 0, 0, 2, -1]"
553,万魔,1774,高清降噪圈铁蓝牙耳机PRO版,"[3.1, 3.6, 1.5, -1.9, -0.9, 0, -3.8, 4.5, 0.1, -0.7]"
553,万魔,1775,真无线降噪耳机,"[-2, -1, -1.5, -1.9, 0.7, 0.3, -3, -1.6, -1.5, 4.5]"
553,万魔,1836,ColorBuds,"[-2, -1.5, -0.5, 0, 1.5, 0.5, 1, 0.5, 1.5, 1]"
553,万魔,1837,Comfobuds,"[-3, -1.5, -0.5, 1, 1.5, 0.5, 0, 0.5, 3, 4]"
555,森海塞尔,1286,CX1,"[2.2, 1.8, 1.2, 0, -0.9, -0.1, 1.3, 1.7, 0.3, 0.4]"
555,森海塞尔,1287,CX2,"[3.1, 2.2, 1, -0.2, -1, -0.1, 1.9, 2.8, -0.6, -0.5]"
555,森海塞尔,1288,CX3,"[2, 1.7, 1.1, 0, -1, -0.1, 1.3, 1.9, 0, -0.3]"
555,森海塞尔,1289,CX5,"[2.5, 1.8, 0.6, -0.6, -1.4, -0.1, 2, 2.7, -0.8, 0.2]"
555,森海塞尔,1290,CX200II,"[5, 3.2, 1.8, 0.2, -1.2, -0.3, 0.8, 0.3, -0.6, 2.7]"
555,森海塞尔,1291,CX213,"[1.2, 0.9, 0.3, -0.6, -1.3, -0.2, 1.3, 0.8, -0.4, 1.8]"
555,森海塞尔,1292,CX215,"[2.3, 1.6, 0.6, -0.5, -1.3, -0.1, 1.3, 1.1, -0.1, 2.2]"
555,森海塞尔,1293,CX275S,"[5.5, 4.5, 2.7, 0.5, -1, -0.1, 1.8, 0.7, 1.4, 3.3]"
555,森海塞尔,1294,CX280,"[4, 2.9, 1.4, -0.2, -1.5, -0.1, 1.3, 0.8, -1.6, -0.2]"
555,森海塞尔,1295,CX300II,"[5.5, 3.6, 1.7, 0, -1.2, -0.2, 1.4, 0.9, -1.4, 2.2]"
555,森海塞尔,1296,CX400,"[1.7, 1.3, 0.6, -0.5, -1.4, -0.2, 1.3, 0.9, -1.7, 2.2]"
555,森海塞尔,1297,CX500,"[1.3, 0.9, 0.1, -1.1, -1.7, -0.1, 2, 3.1, 0.7, 3.2]"
555,森海塞尔,1298,CX680,"[3.5, 2.6, 1.4, -0.2, -1.1, -0.1, 0.3, 0, 0.4, 1.7]"
555,森海塞尔,1299,CX880,"[3.3, 2, 0.4, -1, -1.7, -0.2, 2, 2.1, -2, 0.2]"
555,森海塞尔,1300,CX980,"[1.9, 1.2, 0.5, -0.5, -1.2, -0.2, 1.4, 1.4, 0.2, 0.2]"
555,森海塞尔,1301,CX985,"[4, 2.5, 0.9, -0.9, -1.8, -0.2, 2, 0.9, -2.2, -0.3]"
555,森海塞尔,1302,HD251,"[4, 3.3, 1.7, 0.4, -0.6, -0.2, 1.2, 2.6, 2.3, 2]"
555,森海塞尔,1303,HD201,"[7.5, 5.6, 3.8, 1.9, -0.5, -0.2, 2.2, 3.5, 3.4, 3.7]"
555,森海塞尔,1304,HD202,"[4.3, 2.7, 1.6, 1.5, -0.3, -0.1, 2.3, 4.1, 2.6, 2.2]"
555,森海塞尔,1305,HD238,"[3, 2.2, 1.1, -0.1, -1, -0.1, 2.2, 1.4, 0.6, 3.2]"
555,森海塞尔,1306,HD380PRO,"[2.5, 2.6, 2.5, 0.8, -0.4, -0.2, 2, 2.1, 0.9, 1.2]"
555,森海塞尔,1307,HD381,"[3.2, 2.4, 1.4, 0.3, -0.4, 0, -0.4, 0.5, -0.3, 4.2]"
555,森海塞尔,1308,HD429S,"[2.7, 2.3, 1.9, 0.3, -0.6, -0.1, 2, 4.2, 2.9, 4.3]"
555,森海塞尔,1309,HD439,"[4.5, 3, 2, 0.4, -0.5, -0.1, 1, 2.6, 1.4, 2.2]"
555,森海塞尔,1310,HD448,"[5.3, 3.6, 2.3, 0.3, -0.5, -0.1, 1.7, 2.2, 0.8, 1.3]"
555,森海塞尔,1311,HD449,"[5.5, 3.6, 1.8, 0.2, -0.3, -0.1, 1.3, 3.5, 2.9, 0.9]"
555,森海塞尔,1312,HD595,"[5, 3.9, 2.6, 0.9, -0.6, -0.1, 1.5, 1.8, 0.8, 0.8]"
555,森海塞尔,1313,HD598,"[4.5, 3.5, 2.1, 0.4, -1, -0.2, 1.4, 0.9, -0.6, 0.7]"
555,森海塞尔,1314,HD600,"[4, 3.5, -1.5, -1.5, -1.5, 0, -3.5, 2, 1, 0]"
555,森海塞尔,1315,HD650,"[3.4, 2.8, 1.6, 0.2, -0.8, 0, 1.6, 1.9, 0.4, 0.8]"
555,森海塞尔,1316,HD800,"[4.5, 3.6, 1.8, 0.1, -1.1, -0.3, 1.8, 1.6, -0.6, -0.9]"
555,森海塞尔,1317,HE60,"[4.7, 4.2, 2.8, 1.2, -0.3, 0.1, 1.8, 3.1, 1.7, 0.7]"
555,森海塞尔,1318,HE90,"[4, 3.4, 2.5, 1, -0.5, -0.1, 2, 1.6, 0.5, 1]"
555,森海塞尔,1319,IE6,"[3, 1.9, 0.4, -1, -1.8, -0.3, 2.1, 1.5, -0.1, 0.7]"
555,森海塞尔,1320,IE7,"[2.5, 2.1, 1.1, 0, -1, -0.1, 1, 0.1, -0.1, 2.8]"
555,森海塞尔,1321,IE8,"[2, 0.9, -0.2, -1.4, -1.8, -0.2, 1.3, 2.1, 1, 1.2]"
555,森海塞尔,1322,IE60,"[4.7, 4.1, 2.8, 1.2, -0.3, 0.1, 1.8, 3.1, 1.8, 0.7]"
555,森海塞尔,1323,IE80,"[3.9, 2.1, 0.4, -1.5, -2.2, -0.3, 1.8, 1.6, -0.1, -0.6]"
555,森海塞尔,1324,IE800,"[-1.5, -2.5, -5, -4, -0.5, 0, 3, 8, 6, 0]"
555,森海塞尔,1325,MM30I,"[3, 2.1, 0.6, -1, -2, -0.3, 2.7, 2.7, -0.3, 1.2]"
555,森海塞尔,1326,MM50I,"[2.8, 1.9, 0.6, -1, -1.8, -0.2, 2.4, 2.1, -0.6, 1.4]"
555,森海塞尔,1327,MM550X,"[6.5, 4.3, 2.9, 1, 0, 0.3, 0.3, 3.8, 0.6, 1.7]"
555,森海塞尔,1328,Momentum,"[4.4, 3.6, 2.2, 0.8, -0.1, -0.1, 1.6, 2.2, 1.1, -0.6]"
555,森海塞尔,1329,Momentum In-Ear,"[1.6, 1.3, 0.6, -0.1, -0.8, -0.1, 1.8, 3.7, 0.9, 0]"
555,森海塞尔,1330,Momentum On-Ear,"[2.9, 2.3, 1, 0, -0.3, -0.1, 0.5, 2.9, -0.2, 0.5]"
555,森海塞尔,1331,Momentum Wireless,"[-2, -2, -2, -2, 0.8, 0, -2, 3, 1.1, 1.7]"
555,森海塞尔,1332,MX95,"[6.7, 4.8, 2.7, 0.9, -0.6, -0.1, 2.3, 3.1, 0.9, 3.7]"
555,森海塞尔,1333,MX270,"[6.4, 4.3, 2.2, 0.5, -0.9, -0.1, 0.9, 2.9, 0.9, 1.7]"
555,森海塞尔,1334,MX271,"[6.2, 4.3, 2, 0, -1.4, -0.3, 1.3, 2.3, -0.2, 1.3]"
555,森海塞尔,1335,MX360,"[8, 5.6, 3.3, 1.4, -0.3, -0.1, 0, 2.1, 0.9, 2.4]"
555,森海塞尔,1336,MX365,"[6.5, 4.6, 2.3, 0.5, -1, -0.1, 2, 2.3, 1.9, 2.4]"
555,森海塞尔,1337,MX375,"[10, 8.9, 6.6, 2.1, -0.1, 0, -0.3, 0.5, -0.1, 0.7]"
555,森海塞尔,1338,MX400,"[8.5, 6, 3.7, 1.7, 0, 0, -0.3, 2.5, -0.9, 0.6]"
555,森海塞尔,1339,MX470,"[7, 4.8, 2.5, 0, -1.5, -0.2, 2.2, 2.4, 0.8, 2]"
555,森海塞尔,1340,MX471,"[6, 4, 1.7, -0.3, -1.4, -0.3, 1.2, 2.1, -0.1, 0.7]"
555,森海塞尔,1341,MX500,"[7.5, 5.6, 3.7, 1.8, 0, -0.1, 1.1, 2.1, 1.9, 3.1]"
555,森海塞尔,1342,MX560,"[8.5, 5.9, 3.4, 1.3, -0.3, 0, 0.1, 1.5, -0.1, 0.7]"
555,森海塞尔,1343,MX580,"[6.5, 4.6, 2.6, 0.5, -1.1, -0.2, 2.4, 2.7, 0.9, 1.9]"
555,森海塞尔,1344,MX581,"[5.3, 3.5, 1.8, 0.2, -0.9, -0.1, 0.4, 0, 0.6, 1.2]"
555,森海塞尔,1345,MX685,"[5.8, 4.1, 2.2, 0.2, -1.3, -0.1, 2, 3.4, 1.8, 2.8]"
555,森海塞尔,1346,MX880,"[6, 4.2, 2.5, 1, -0.4, 0, -0.3, 2.6, 0.1, 0.4]"
555,森海塞尔,1347,MX980,"[8, 5.6, 2.7, 0.6, -1, -0.1, 0, 2.6, 0.6, 1.5]"
555,森海塞尔,1348,MX985,"[8.3, 5.7, 3, 0.6, -1, -0.1, 0.5, 2.8, 0.7, 1.9]"
555,森海塞尔,1349,OMX680,"[6.7, 4.8, 2.6, 0.5, -1, -0.2, 0.6, 1.7, 0, 1.2]"
555,森海塞尔,1350,PX90,"[5.6, 3.4, 2.3, 1, -0.3, -0.1, 0.3, -0.1, -1, -1.3]"
555,森海塞尔,1351,PX100II,"[4, 2.7, 1.4, 0, -0.8, -0.1, 1.5, 2.6, 2.4, 1.7]"
555,森海塞尔,1352,PX200II,"[3.2, 2.6, 1.6, 0.6, -0.5, -0.1, 1.1, 2.7, 1.2, 2.7]"
555,森海塞尔,1353,Urbanite XL,"[4, 2.4, 0.7, -0.8, -1.6, -0.1, 1.4, 3, 0.6, -0.2]"
555,森海塞尔,1575,HD598CS,"[-1.31, -0.41, 2.69, 2.09, -0.99, 3.09, 3.29, 0.99, -1.71, -2.71]"
555,森海塞尔,1576,HD599,"[-2.67, 0.13, 2.33, 3.03, 2.73, 0.53, 2.13, 2.13, -2.07, -3.97]"
555,森海塞尔,1577,HD700,"[-2.57, -0.27, 2.13, 3.03, 2.73, 1.73, 1.63, 0.63, 1.93, -3.02]"
555,森海塞尔,1579,HD800S,"[4.7, 2.3, 1.5, -2, -2, -1, 0, -2, 1, 0]"
555,森海塞尔,1580,RS165,"[-2.7, -2.4, -3, 0.89, 0.23, 1.47, 0, 3, 0.89, 3]"
555,森海塞尔,1581,RS175,"[-3, -3, -0.3, 3, 3, 1, 0.5, -2, 1.5, 1]"
555,森海塞尔,1582,RS185,"[0.93, -1.1, -1.5, -2.5, 0.8, 1.3, -2, 1, 3, 2.5]"
555,森海塞尔,1583,RS195,"[-3, -3, 3, 2.5, 1.3, 1.6, 2, -2, 3, 1.2]"
555,森海塞尔,1802,HD430,"[3.5, 1, -0.7, -0.5, -0.5, 0, 2, 3, 3, 2]"
555,森海塞尔,1809,HD480,"[4, 0, -1, -0.5, -0.5, 0, 0, 1.5, 3, 2]"
555,森海塞尔,1810,HD560,"[4, -0.5, -1, -0.5, -0.5, 0, 0.5, 3, 3, 3]"
555,森海塞尔,1811,HD565,"[4.5, 1.5, 0, 0, 0, 0.5, 1.5, 3, 3.5, 3]"
555,森海塞尔,1860,IE400Pro,"[2.7, 3.1, 0.8, 0.2, -0.3, 0.5, 1.5, 2.1, 1.8, 0.6]"
557,TFZ,1619,Series 2,"[-2, -1, -1, 0, 2.5, 3, 2.5, 0, 0, 1]"
557,TFZ,1620,T1 Galaxy,"[-3, -1, 1, 1, -1, -2, -2, -1, 2, 3]"
557,TFZ,1621,King,"[-3, -2.5, -1.5, -0.2, 1, 0, -3, -2.5, -0.3, 3]"
557,TFZ,1622,King Pro,"[-3, -2.5, -1.5, -0.2, 1, 0, -3, -3, -0.5, 2]"
557,TFZ,1623,MyLove 2,"[-3, -3, -2, 0, 2, 0, -5, -5, 1, 3]"
557,TFZ,1662,Queen,"[-2, 0, -3, -1, 2, 1, -3, -1, 4, 1]"
557,TFZ,1663,TEQUILA 1,"[1, -3, -1, -6, -5, 0, 0, 2, 5, 1]"
557,TFZ,1664,Air King,"[-1, 0, -2, -1, 1, 1, -3, 0, 4, 1]"
557,TFZ,1665,SECRET GARDEN,"[-2, -1, -1, -1.5, 1, 3, -2, 1, -1, -2]"
557,TFZ,1740,MyLove Edition,"[-3, -3, -1, 2, 1, -2, 0.5, -1, -1, 0]"
557,TFZ,1741,T x Bear Monica,"[0, 0, -1, -1, 2, 2, -0.5, 0, 2, 2]"
557,TFZ,1742,King Edition,"[-1, -1, -0.5, 0, 2, 2, -0.5, 1, 0, 0]"
557,TFZ,1743,Queen LTD,"[-3, -3, -2, 0, 0, 0, 0, -2, -2, 0]"
557,TFZ,1744,T1SM,"[1, 2, 3, 3, 2, 1, 0.5, -1, -1, 0]"
557,TFZ,1745,S2 Pro,"[1, 1, 0, 0, 2, 2, 0.5, 1, 2, 0]"
557,TFZ,1746,No.3,"[0, 0, 0, -2, -1, -1, -1, 0.5, 0.5, 0]"
559,B&O,1630,E8,"[0.76, 2.1, 2.1, -3.2, -1.7, 0.6, 0.2, 3, -3, 2]"
559,B&O,1631,H3,"[-3, -1.7, -1.7, 3, 0.7, -1.1, -2.8, 3, 3, 0]"
559,B&O,1632,H6,"[2.5, 1.7, 0.7, -0.3, -1, 0.1, 1.6, 1.9, 0.7, 2.6]"
559,B&O,1633,H9,"[-3, -2, -1, 0, 3, 6, 1.5, -1, 3, -2]"
559,B&O,1634,Earset 3i(A8),"[3, 3, -3, -3, -3, -3, -3, -2, 2, 2]"
559,B&O,1637,H4,"[0, 0, 0, 0, 1.5, 3, 4, 2, 1.5, 1]"
559,B&O,1638,H9i,"[-3, -2, 0, 2, 4, 4, 1, -2, -2, -1]"
561,松下,1635,RP-HJE125,"[3.6, 2.1, 0.4, -1.2, -1.9, -0.2, 1.5, 2.3, 0.7, 0.7]"
561,松下,1636,RP-HJX20,"[-1.5, -1.1, -0.4, -1.2, -1.9, -0.2, 1.5, 2.3, 0.7, 0.7]"
563,JVC,1650,HA-FX850,"[-2, -3, -3, -2, -1, 0, 2, -2, -2, 0]"
563,JVC,1717,HA-S28BT,"[1.5, 1.5, 1, 0.5, 0, 0, 1.5, 2, 1.5, 1]"
565,缤特力,1652,Backbeat Pro,"[-2, -0.8, 2, 2, 2, 2, 0.5, -0.5, -1, 0]"
565,缤特力,1653,BackBeat Pro2,"[-3, 1.2, 2, 2, -0.3, 0.2, -0.3, -0.5, -0.5, 0]"
565,缤特力,1654,BackBeat Go,"[-2, -3, -2.5, -1.5, 0, 0, 0, 1.5, -6, 0]"
565,缤特力,1655,BackBeat 500,"[-2, -2, -2, -1.5, 0.4, 0, -1, 0.5, -1, 0]"
565,缤特力,1656,RIG 600,"[-2, 2, 2, 1.5, 1.4, 0, 1, 0.5, -3, 0]"
565,缤特力,1657,RIG 800,"[-1, 0, 0, 2, 2, 0, 0, -1.5, -1, 0]"
567,Teufel,1658,Real Blue NC,"[-4, -5, -6, -4, -3, 0, 2, 1, -8, 0]"
567,Teufel,1659,Mute BT,"[-2, -3, -6, -3, 3, 2, 3, 1, -3, 0]"
567,Teufel,1660,Move Pro,"[-3, -4, -4, -2, 0, 0, -1, 2, 0, 0]"
567,Teufel,1661,Real Z,"[0, -2, -2, -1, 0, 3, 2, 1, -3, 0]"
567,Teufel,1670,Real Blue NC(降噪开启),"[-3, -2, -3, -4.5, -2.5, -1, 2.5, 4.5, -1.5, -3]"
567,Teufel,1671,Mute BT(降噪开启),"[-2, -2, -3, -4, 0, 1, 5, 6, 0, 0]"
569,兴戈,1666,EM1,"[1, 0, -2, -2, 1, 2, 0, 1, 4, -4]"
569,兴戈,1667,EM2,"[3, 1.5, -0.5, -3, -1, 0, -2, 3, 5, -2]"
569,兴戈,1668,EM3,"[0, 0, -1, -0.5, 3, 2, -1, 2, 2, -4]"
569,兴戈,1669,EM5,"[2.5, 2, -1, -2, 2, 0, -5, 1, 5, -9]"
569,兴戈,1672,EN700 Bass,"[2, 1, -2, -3, 1, 2, 0, 0, 3, -2]"
569,兴戈,1673,EN700 Pro,"[1.5, -0.5, -1.5, -2, 0.5, 1.5, -0.5, 1.5, 1.5, -4.5]"
569,兴戈,1674,EN700 MKII,"[2, 1, -2, -1.5, 2, 2.5, -1, 0, 3, -2]"
569,兴戈,1675,ET1000,"[3, 2, 0, 0.5, 1.5, 1.5, 5, 8, -3, -6]"
571,达音科,1676,Titan 3,"[2, 3, 2, -1.5, -1, 0, -2, -8, -1, -4]"
571,达音科,1677,Titan 5,"[2, 3, 2, -1.5, -1, 0, -2, -8, -1, -4]"
571,达音科,1678,隼,"[-3, -3, -3, -4, 0, 1, 4, 3, -3, -3]"
571,达音科,1679,DK-3001,"[2, 0, -2, -3, 1, 2, -3, 4, -2, -4]"
573,Oriolus,1680,灰黄鹂,"[3, 2, -1, -0.5, 0, 0.5, 2, 4, -4, -2]"
573,Oriolus,1681,水黄鹂,"[-2, -2, -1, -1, 0, 1, 2, 4, 0, -1]"
575,艾巴索,1690,IT01,"[-5, -5, -6, -6.5, -2, 0, 2, 1.5, -3.5, 0]"
575,艾巴索,1691,IT04,"[-4, -4, -5, -5.5, -1.5, 0, 0, 0, -3, 0]"
575,艾巴索,1692,IT01s,"[-0.5, -2, -4, -5, 0, 3, 4.5, 3, 2, -1]"
575,艾巴索,1739,AM05,"[2, 1.5, -0.5, -1.5, -1.5, -1, 0, 1, 1, -1]"
577,AUDIOFLY,1693,AF120,"[6, 4, 2, 0, 0.5, 0, -3, -3, 0, 0]"
577,AUDIOFLY,1694,AF140,"[-2, -4, -6, -5.5, -1.5, 0, -0.5, 0, 2, 0]"
577,AUDIOFLY,1695,AF160,"[6, 4, 0, -2, -1, -1, -1, 0, 4, 0]"
577,AUDIOFLY,1696,AF180,"[0, 0, 0, 0, 0.5, 0, 0, 0, 0, -3]"
577,AUDIOFLY,1697,AF1120,"[0, 0, 0, 0, 0, 0, 0, -2, 0, 0]"
579,NF AUDIO,1698,NF3u,"[0.5, -1, -2, -2.5, 1.5, 2, -2, -0.5, 0.5, -3]"
579,NF AUDIO,1699,NF4u,"[1, -0.5, -3, -3, 0, 2.5, -1, 1.5, 3, 0]"
581,qdc,1707,海王星,"[3, 2.5, 2, 0, -2, 0, 1, 0, -2, 2]"
581,qdc,1708,海王星 蓝牙版,"[1, -1, -1, 0, -2, 0, 1, 0, -2, 2]"
581,qdc,1709,变色龙 V3,"[0, 0, -1, -1, -1, 0, -2, -1, -3, -1]"
581,qdc,1710,变色龙 V6,"[-1.5, -1.5, -2, -1, 0, 0, -3, 0, 0, 1]"
581,qdc,1711,变色龙 VX,"[0, -1, 0, 0, 0, 0, -2, 1, -1.5, 1]"
581,qdc,1712,双子座,"[1.5, 1.5, 2, 2, 1, 0, 1, 2, -0.5, -1]"
581,qdc,1713,蒙娜丽莎,"[0, 0, -1.5, -3, -1.5, 0, 1.5, 3, -1, 2]"
581,qdc,1714,3单元动铁 HiFi版,"[4, 4, 2, 1, 0, 0, -2, -2, -1, 1]"
581,qdc,1715,5单元动铁 HiFi版,"[0, 0.5, 0, -1.5, -0.5, -0.5, 0.5, 3, -1.5, -2]"
581,qdc,1716,8单元动铁 HiFi版,"[0.5, 1, 0, -1, -2, -0.5, 0.5, 2, -2, -0.5]"
583,KEF,1718,SPACE ONE,"[-1.5, -1, -2.5, 0.5, 0.5, 0, 3, 6, 1.5, -0.5]"
583,KEF,1719,MOTION ONE,"[0, 0, 0, -1, -0.5, 0, 1, 1, 0.5, 0.5]"
585,XA,1723,Xray2,"[2, 2, 1.5, 1, 0, 1, 1, -1.5, -1.5, -1]"
587,余音,1728,GY-05S,"[-3, -3, -2, -2, -1, 0, -2, -3, 0, 0]"
587,余音,1729,GY-06,"[-6, -6, -4, -3, -2, 0, 1, -2, 0, 0]"
587,余音,1730,GY-07,"[0.5, 0.5, 0, -0.5, 0, 1, 0, -1, -1.5, -1.5]"
587,余音,1731,BR-1,"[0, 0, 0, 0, 0, 1, -2, -5, -0.5, -1.5]"
587,余音,1732,WH-189,"[0, 1, 2, 1, 1, 0, 0, 2, 4, -4]"
587,余音,1776,GY-08,"[0.5, 0, 0, 0, 0.5, 1, 0, 0.5, 0.5, 0]"
587,余音,1777,GY-09,"[0, 0.5, 0, 0, 0.5, 1, 0, 0.5, 0, -0.5]"
587,余音,1778,RC-ONE,"[0.5, 0.5, 0, 0, 0.5, 1, 0, -0.5, 0, 0]"
589,TANCHJIM,1733,Blues,"[2, 1, 0, 0, 0, 0, 0, 0, -2, 0]"
589,TANCHJIM,1734,Cora,"[-4, -4, -2, 0, 0, 0, -3, -2, 0, 0]"
589,TANCHJIM,1735,Oxygen,"[-1, -1, -1, -1, -1, 1.5, -1.5, -1, -1, 0]"
593,听宝,1736,AURORA(欧若拉),"[2, 2, 2, 0, -0.5, -1, 1, 1, 0, 0]"
595,一加,1737,云耳 2,"[3, -2.5, -3, -2.5, -1.5, 2, 1, 1, 0.5, -0.5]"
597,AUKEY,1747,B60,"[-3, -2, 0, -1, 0, 0, 2, 1, 0, 0]"
597,AUKEY,1748,B80,"[-3, -3, -1, -1, 0, 1, -1, 1, 1, -2]"
597,AUKEY,1749,T10,"[1, 0, 0, -3, -2, 0, 3, 1.5, 0, 0]"
599,水月雨,1751,A8,"[0, -2, 0, 0, 2, 0, -1, -1, 2, 0]"
599,水月雨,1752,Blessing,"[0, 1.5, 0, 0, 1, 1, 0, -1.5, -2.5, 0.5]"
599,水月雨,1753,Blessing2,"[0, 0, 0, -1.5, 0, 1, -0.7, -1.5, -3, 1]"
599,水月雨,1754,KXXS,"[0, -1, 0, -1.5, 0, 1.5, -1.5, 0, -5, 1]"
599,水月雨,1755,S8,"[-1.5, 0, 0, -2, 1, 0, 0, -2, 2, -2]"
599,水月雨,1756,VX Classic,"[0, 0, 3, 1, 0, -2, 0, 1, -1, -2]"
599,水月雨,1757,白雪 Shiro Yuki,"[0, 0, 0, 0, 0, -1.2, -2, -3, 1, 3]"
599,水月雨,1758,日轮 Solis,"[0, 0, 0, 0, -3, 0.5, 1, -1.5, -1, 0]"
599,水月雨,1759,无名 Nameless,"[0, 0, 0, 0, 0, 0, -2, 3, -1, 1]"
599,水月雨,1760,夏空 Chaconne(花洒),"[0, 0, 0, 0, 0, -2.5, 1, 2, -1, 1]"
599,水月雨,1761,星野 Starfield,"[0, -0.5, -1, -2, -1, 3, -1.5, 0, 1, -1]"
599,水月雨,1762,银色飞船 SpaceShip,"[0, 2, 0, -2, 0, 2, -1, -1, 1, -2]"
601,山灵,1763,ME100,"[3, 1.6, -0.2, -1.6, -1.1, 0.4, -0.7, -0.9, 0.4, -0.9]"
601,山灵,1764,ME100 LTD,"[3, 1.1, -1.2, -2.8, -1.2, 0.9, -0.7, 0.2, 1.5, -0.8]"
601,山灵,1765,ME200,"[-0.8, -1.4, -2.2, -1.8, 1.4, 3, 0.2, -0.8, 1.8, 0.6]"
601,山灵,1766,ME500 白金版,"[1.1, -0.3, -2.3, -3.4, -1.1, 1, -0.6, 0.6, 3, 2]"
601,山灵,1767,ME500 钨钢灰,"[1.2, 0, -1.7, -2.7, -1.2, 0.2, -0.9, 0.2, 3, 1.9]"
601,山灵,1768,MTW100 动圈,"[-2.7, -2.7, -2.8, -1.5, 1.5, 3, 2.9, 1.6, -0.5, 1.2]"
601,山灵,1769,MTW100 动铁,"[0.6, -0.8, -2.8, -4, -1.2, 2, 2.2, 0.5, 3, 0.4]"
601,山灵,1770,MW100,"[2.5, 0.6, -2, -3.3, -0.1, 3, 2.9, -2.1, -1.8, 0.3]"
603,NICEHCK,1771,B40,"[0, 0, -1, -2, -3, 0, 1, 0, 0, 0]"
603,NICEHCK,1772,DB3,"[0, -2, -1, -1, -2, 0, -2, -2, 0, 0]"
603,NICEHCK,1773,NX7 Pro,"[-1, -1, -1, -1, -2, -2, 2, 1, -2, 1]"
605,QCY,1780,QY8,"[0, 0, 0.5, -0.5, -0.5, 0, 1, 0, 0, 0]"
607,魔浪,1781,mifo-O7,"[4, 3, 2.5, 1, 0.5, 0, 0.2, 1, 2, 2]"
607,魔浪,1782,mifo-O5,"[3.5, 3, 2, 1.5, 0, 0.5, 1, 1.5, 2, 2]"
609,飞傲,1783,FA7,"[-1, -1.5, -2, -3, -1, 0, 0.5, 4, 1, 4]"
609,飞傲,1784,FA9,"[3, 2, 0.5, -0.3, 1.2, 0, 0.3, 2.5, 3, 5]"
609,飞傲,1785,FH5,"[1.3, 1.9, 1.5, 0.6, 1.2, 0, -0.5, 4, 0, 4]"
609,飞傲,1786,FH7,"[4, 3, 1.5, 0.3, 1.5, 0, -0.5, 4, 1.2, 2]"
610,BGVP,1787,DMG,"[-3, -3, -2, -2, -1, 0, 0.5, 0, 0, -1]"
610,BGVP,1788,DH3,"[2, 1, 0.5, -0.3, 0.6, 0, 0.3, 2.5, 4, 5]"
610,BGVP,1789,DM6,"[3, 2, 0, 0.6, 0.2, 0, 1.5, 4, 5, 3]"
610,BGVP,1790,DM7,"[0.5, -0.5, -1, -0.5, 0.5, 0, -0.3, 3, 0, 1.5]"
610,BGVP,1791,DMS,"[-0.5, -1, -0.5, 0, 0.5, 0, -0.5, 3, 4, 2]"
610,BGVP,1792,DN1s,"[-2, -1, -1.5, -1.5, 0.5, 0, -0.5, 0, 0.2, -1]"
610,BGVP,1793,DS1 pro,"[-0.5, -1, -0.5, 0.3, 0.5, 0, -0.5, 1, 3, 2]"
610,BGVP,1794,DX5,"[1, 0.2, -0.5, -1, -0.5, 0, 2, 4, 1.2, 2]"
610,BGVP,1795,Q2,"[2, 1, 0.5, -0.5, 0.5, 0, -0.5, 2, 0.5, 0.5]"
610,BGVP,1796,VG4,"[0, -0.5, -1, -1, -0.5, 0, -0.5, 2, 1.2, 1]"
610,BGVP,1797,ZERO,"[2, 0.5, -0.5, -0.5, 0, 0, 2, 0.5, 1.2, 0]"
611,TORRAS,1798,H1,"[-2, -2, -2, -1, -1, 0, 1, 1.5, 2, 3]"
611,TORRAS,1799,H2,"[-2, -2, -2, -1, -1, 0, 1.5, 2, 2, 4]"
611,TORRAS,1800,H28,"[-2, -2, -1.5, -1, -1, 0, -0.5, -1, 2, 4]"
611,TORRAS,1801,H32,"[-3, -2, -2, -2, -1.5, 0, 2, 2.5, 3, 4]"
612,七赫兹,1813,i-88,"[3.5, 0.5, -1, -1.5, -0.5, 0, -1, 3, 4, 4]"
613,Presonus,1808,HD7,"[2, 0, -0.5, 0, 1, 0, -0.5, 3, 3, 3.5]"
614,酷狗,1814,M3能量圈,"[5, 4, 2.5, 0.5, 0.5, 0, 0, 3, 1, 3]"
614,酷狗,1816,X5,"[0, 0, 0.5, 2, 1.5, 0.5, 0, 1.5, 3, 3]"
614,酷狗,1818,M1,"[0.5, 2, 1.5, 0, 0.5, 1, 0, 2, 1.5, 2]"
614,酷狗,1819,M1L,"[5, 4, -2, 0, 2, 1.5, 0.5, 3, 3.5, 4]"
614,酷狗,1820,M51彩虹糖,"[3.5, 1.5, 0.5, 0.5, 1, 0, 1.5, 2.5, -1, 2]"
614,酷狗,1821,X6,"[4, 3.5, 1.5, -0.5, -0.5, 0, 0.5, 2, 2.5, 4]"
615,宾力,1823,Q13,"[-3, -2.5, -3, -2, 0, 0, 1, 3, 1, 3]"
615,宾力,1824,T20,"[-1, -2, -3, -2, -0.5, 0, 1.5, 2, 0, 3]"
621,233621,1834,Hush,"[1.3, 2.1, 0.8, 0.7, 1.6, 0, -0.7, 0.3, -0.5, 0]"
621,233621,1835,Zen,"[1.3, -2, -1, -0.5, 1.5, 0, 1.8, 3.3, 4.3, -2]"
627,魁宝,1862,不凡,"[3, 1.5, 0.5, 0, 0, 0.5, 0, 2, 2.5, 3]"
627,魁宝,1863,云雀,"[1, 1.5, 0.5, 1, 3, 3, 0.5, 0.5, 1, -0.5]"
627,魁宝,1864,KS2,"[0.5, 1, 0.5, 0.5, 0.8, 2.5, 0, 0.5, 1.5, -0.5]"
629,甜润,1865,i3,"[0.5, 1, 2.5, 0, 1.5, 1, 0, 0.5, 2.5, 1]"
629,甜润,1866,星海,"[0.5, 1.8, 0.5, 0, 0.3, 1.2, 0, 1.5, 3, -0.5]"
